date,source,campaign,keyword,search_term,spend,impressions,clicks,conversions,currency
"2026-10-06","google_ads","Emergency Dartford","emergency plumber dartford","emergency plumber near me","21","133","7","1","GBP"
"2026-10-06","google_ads","Emergency Dartford","leak detection dartford","water leak repair dartford","6","57","3","0","GBP"
"2026-10-06","microsoft_ads","Drainage Kent","blocked drains kent","blocked drains maidstone","9","76","4","1","GBP"
"2026-10-06","google_ads","General plumbing broad","plumbing advice","how to fix a tap yourself","5","76","4","0","GBP"
"2026-10-05","google_ads","Emergency Dartford","emergency plumber dartford","emergency plumber near me","21","133","7","1","GBP"
"2026-10-05","google_ads","Emergency Dartford","leak detection dartford","water leak repair dartford","6","57","3","0","GBP"
"2026-10-05","microsoft_ads","Drainage Kent","blocked drains kent","blocked drains maidstone","9","76","4","0","GBP"
"2026-10-05","google_ads","General plumbing broad","plumbing advice","how to fix a tap yourself","5","76","4","0","GBP"
"2026-10-04","google_ads","Emergency Dartford","emergency plumber dartford","emergency plumber near me","21","133","7","1","GBP"
"2026-10-04","google_ads","Emergency Dartford","leak detection dartford","water leak repair dartford","6","57","3","0","GBP"
"2026-10-04","microsoft_ads","Drainage Kent","blocked drains kent","blocked drains maidstone","9","76","4","0","GBP"
"2026-10-04","google_ads","General plumbing broad","plumbing advice","how to fix a tap yourself","5","76","4","0","GBP"
"2026-10-03","google_ads","Emergency Dartford","emergency plumber dartford","emergency plumber near me","21","133","7","1","GBP"
"2026-10-03","google_ads","Emergency Dartford","leak detection dartford","water leak repair dartford","6","57","3","0","GBP"
"2026-10-03","microsoft_ads","Drainage Kent","blocked drains kent","blocked drains maidstone","9","76","4","0","GBP"
"2026-10-03","google_ads","General plumbing broad","plumbing advice","how to fix a tap yourself","5","76","4","0","GBP"
"2026-10-02","google_ads","Emergency Dartford","emergency plumber dartford","emergency plumber near me","21","133","7","1","GBP"
"2026-10-02","google_ads","Emergency Dartford","leak detection dartford","water leak repair dartford","6","57","3","0","GBP"
"2026-10-02","microsoft_ads","Drainage Kent","blocked drains kent","blocked drains maidstone","9","76","4","1","GBP"
"2026-10-02","google_ads","General plumbing broad","plumbing advice","how to fix a tap yourself","5","76","4","0","GBP"
"2026-10-01","google_ads","Emergency Dartford","emergency plumber dartford","emergency plumber near me","21","133","7","1","GBP"
"2026-10-01","google_ads","Emergency Dartford","leak detection dartford","water leak repair dartford","6","57","3","0","GBP"
"2026-10-01","microsoft_ads","Drainage Kent","blocked drains kent","blocked drains maidstone","9","76","4","0","GBP"
"2026-10-01","google_ads","General plumbing broad","plumbing advice","how to fix a tap yourself","5","76","4","0","GBP"
"2026-09-30","google_ads","Emergency Dartford","emergency plumber dartford","emergency plumber near me","21","133","7","1","GBP"
"2026-09-30","google_ads","Emergency Dartford","leak detection dartford","water leak repair dartford","6","57","3","0","GBP"
"2026-09-30","microsoft_ads","Drainage Kent","blocked drains kent","blocked drains maidstone","9","76","4","0","GBP"
"2026-09-30","google_ads","General plumbing broad","plumbing advice","how to fix a tap yourself","5","76","4","0","GBP"
"2026-09-29","google_ads","Emergency Dartford","emergency plumber dartford","emergency plumber near me","21","133","7","1","GBP"
"2026-09-29","google_ads","Emergency Dartford","leak detection dartford","water leak repair dartford","6","57","3","0","GBP"
"2026-09-29","microsoft_ads","Drainage Kent","blocked drains kent","blocked drains maidstone","9","76","4","0","GBP"
"2026-09-29","google_ads","General plumbing broad","plumbing advice","how to fix a tap yourself","5","76","4","0","GBP"
"2026-09-28","google_ads","Emergency Dartford","emergency plumber dartford","emergency plumber near me","21","133","7","1","GBP"
"2026-09-28","google_ads","Emergency Dartford","leak detection dartford","water leak repair dartford","6","57","3","0","GBP"
"2026-09-28","microsoft_ads","Drainage Kent","blocked drains kent","blocked drains maidstone","9","76","4","1","GBP"
"2026-09-28","google_ads","General plumbing broad","plumbing advice","how to fix a tap yourself","5","76","4","0","GBP"
"2026-09-27","google_ads","Emergency Dartford","emergency plumber dartford","emergency plumber near me","21","133","7","1","GBP"
"2026-09-27","google_ads","Emergency Dartford","leak detection dartford","water leak repair dartford","6","57","3","0","GBP"
"2026-09-27","microsoft_ads","Drainage Kent","blocked drains kent","blocked drains maidstone","9","76","4","0","GBP"
"2026-09-27","google_ads","General plumbing broad","plumbing advice","how to fix a tap yourself","5","76","4","0","GBP"
"2026-09-26","google_ads","Emergency Dartford","emergency plumber dartford","emergency plumber near me","21","133","7","1","GBP"
"2026-09-26","google_ads","Emergency Dartford","leak detection dartford","water leak repair dartford","6","57","3","0","GBP"
"2026-09-26","microsoft_ads","Drainage Kent","blocked drains kent","blocked drains maidstone","9","76","4","0","GBP"
"2026-09-26","google_ads","General plumbing broad","plumbing advice","how to fix a tap yourself","5","76","4","0","GBP"
"2026-09-25","google_ads","Emergency Dartford","emergency plumber dartford","emergency plumber near me","21","133","7","1","GBP"
"2026-09-25","google_ads","Emergency Dartford","leak detection dartford","water leak repair dartford","6","57","3","0","GBP"
"2026-09-25","microsoft_ads","Drainage Kent","blocked drains kent","blocked drains maidstone","9","76","4","0","GBP"
"2026-09-25","google_ads","General plumbing broad","plumbing advice","how to fix a tap yourself","5","76","4","0","GBP"
"2026-09-24","google_ads","Emergency Dartford","emergency plumber dartford","emergency plumber near me","21","133","7","1","GBP"
"2026-09-24","google_ads","Emergency Dartford","leak detection dartford","water leak repair dartford","6","57","3","0","GBP"
"2026-09-24","microsoft_ads","Drainage Kent","blocked drains kent","blocked drains maidstone","9","76","4","1","GBP"
"2026-09-24","google_ads","General plumbing broad","plumbing advice","how to fix a tap yourself","5","76","4","0","GBP"
"2026-09-23","google_ads","Emergency Dartford","emergency plumber dartford","emergency plumber near me","21","133","7","1","GBP"
"2026-09-23","google_ads","Emergency Dartford","leak detection dartford","water leak repair dartford","6","57","3","0","GBP"
"2026-09-23","microsoft_ads","Drainage Kent","blocked drains kent","blocked drains maidstone","9","76","4","0","GBP"
"2026-09-23","google_ads","General plumbing broad","plumbing advice","how to fix a tap yourself","5","76","4","0","GBP"
"2026-09-22","google_ads","Emergency Dartford","emergency plumber dartford","emergency plumber near me","21","133","7","1","GBP"
"2026-09-22","google_ads","Emergency Dartford","leak detection dartford","water leak repair dartford","6","57","3","0","GBP"
"2026-09-22","microsoft_ads","Drainage Kent","blocked drains kent","blocked drains maidstone","9","76","4","0","GBP"
"2026-09-22","google_ads","General plumbing broad","plumbing advice","how to fix a tap yourself","5","76","4","0","GBP"
"2026-09-21","google_ads","Emergency Dartford","emergency plumber dartford","emergency plumber near me","21","133","7","1","GBP"
"2026-09-21","google_ads","Emergency Dartford","leak detection dartford","water leak repair dartford","6","57","3","0","GBP"
"2026-09-21","microsoft_ads","Drainage Kent","blocked drains kent","blocked drains maidstone","9","76","4","0","GBP"
"2026-09-21","google_ads","General plumbing broad","plumbing advice","how to fix a tap yourself","5","76","4","0","GBP"
"2026-09-20","google_ads","Emergency Dartford","emergency plumber dartford","emergency plumber near me","21","133","7","1","GBP"
"2026-09-20","google_ads","Emergency Dartford","leak detection dartford","water leak repair dartford","6","57","3","0","GBP"
"2026-09-20","microsoft_ads","Drainage Kent","blocked drains kent","blocked drains maidstone","9","76","4","1","GBP"
"2026-09-20","google_ads","General plumbing broad","plumbing advice","how to fix a tap yourself","5","76","4","0","GBP"
"2026-09-19","google_ads","Emergency Dartford","emergency plumber dartford","emergency plumber near me","21","133","7","1","GBP"
"2026-09-19","google_ads","Emergency Dartford","leak detection dartford","water leak repair dartford","6","57","3","0","GBP"
"2026-09-19","microsoft_ads","Drainage Kent","blocked drains kent","blocked drains maidstone","9","76","4","0","GBP"
"2026-09-19","google_ads","General plumbing broad","plumbing advice","how to fix a tap yourself","5","76","4","0","GBP"
"2026-09-18","google_ads","Emergency Dartford","emergency plumber dartford","emergency plumber near me","21","133","7","1","GBP"
"2026-09-18","google_ads","Emergency Dartford","leak detection dartford","water leak repair dartford","6","57","3","0","GBP"
"2026-09-18","microsoft_ads","Drainage Kent","blocked drains kent","blocked drains maidstone","9","76","4","0","GBP"
"2026-09-18","google_ads","General plumbing broad","plumbing advice","how to fix a tap yourself","5","76","4","0","GBP"
"2026-09-17","google_ads","Emergency Dartford","emergency plumber dartford","emergency plumber near me","21","133","7","1","GBP"
"2026-09-17","google_ads","Emergency Dartford","leak detection dartford","water leak repair dartford","6","57","3","0","GBP"
"2026-09-17","microsoft_ads","Drainage Kent","blocked drains kent","blocked drains maidstone","9","76","4","0","GBP"
"2026-09-17","google_ads","General plumbing broad","plumbing advice","how to fix a tap yourself","5","76","4","0","GBP"
"2026-09-16","google_ads","Emergency Dartford","emergency plumber dartford","emergency plumber near me","21","133","7","1","GBP"
"2026-09-16","google_ads","Emergency Dartford","leak detection dartford","water leak repair dartford","6","57","3","0","GBP"
"2026-09-16","microsoft_ads","Drainage Kent","blocked drains kent","blocked drains maidstone","9","76","4","1","GBP"
"2026-09-16","google_ads","General plumbing broad","plumbing advice","how to fix a tap yourself","5","76","4","0","GBP"
"2026-09-15","google_ads","Emergency Dartford","emergency plumber dartford","emergency plumber near me","21","133","7","1","GBP"
"2026-09-15","google_ads","Emergency Dartford","leak detection dartford","water leak repair dartford","6","57","3","0","GBP"
"2026-09-15","microsoft_ads","Drainage Kent","blocked drains kent","blocked drains maidstone","9","76","4","0","GBP"
"2026-09-15","google_ads","General plumbing broad","plumbing advice","how to fix a tap yourself","5","76","4","0","GBP"
"2026-09-14","google_ads","Emergency Dartford","emergency plumber dartford","emergency plumber near me","21","133","7","1","GBP"
"2026-09-14","google_ads","Emergency Dartford","leak detection dartford","water leak repair dartford","6","57","3","0","GBP"
"2026-09-14","microsoft_ads","Drainage Kent","blocked drains kent","blocked drains maidstone","9","76","4","0","GBP"
"2026-09-14","google_ads","General plumbing broad","plumbing advice","how to fix a tap yourself","5","76","4","0","GBP"
"2026-09-13","google_ads","Emergency Dartford","emergency plumber dartford","emergency plumber near me","21","133","7","1","GBP"
"2026-09-13","google_ads","Emergency Dartford","leak detection dartford","water leak repair dartford","6","57","3","0","GBP"
"2026-09-13","microsoft_ads","Drainage Kent","blocked drains kent","blocked drains maidstone","9","76","4","0","GBP"
"2026-09-13","google_ads","General plumbing broad","plumbing advice","how to fix a tap yourself","5","76","4","0","GBP"
"2026-09-12","google_ads","Emergency Dartford","emergency plumber dartford","emergency plumber near me","21","133","7","1","GBP"
"2026-09-12","google_ads","Emergency Dartford","leak detection dartford","water leak repair dartford","6","57","3","0","GBP"
"2026-09-12","microsoft_ads","Drainage Kent","blocked drains kent","blocked drains maidstone","9","76","4","1","GBP"
"2026-09-12","google_ads","General plumbing broad","plumbing advice","how to fix a tap yourself","5","76","4","0","GBP"
"2026-09-11","google_ads","Emergency Dartford","emergency plumber dartford","emergency plumber near me","21","133","7","1","GBP"
"2026-09-11","google_ads","Emergency Dartford","leak detection dartford","water leak repair dartford","6","57","3","0","GBP"
"2026-09-11","microsoft_ads","Drainage Kent","blocked drains kent","blocked drains maidstone","9","76","4","0","GBP"
"2026-09-11","google_ads","General plumbing broad","plumbing advice","how to fix a tap yourself","5","76","4","0","GBP"
"2026-09-10","google_ads","Emergency Dartford","emergency plumber dartford","emergency plumber near me","21","133","7","1","GBP"
"2026-09-10","google_ads","Emergency Dartford","leak detection dartford","water leak repair dartford","6","57","3","0","GBP"
"2026-09-10","microsoft_ads","Drainage Kent","blocked drains kent","blocked drains maidstone","9","76","4","0","GBP"
"2026-09-10","google_ads","General plumbing broad","plumbing advice","how to fix a tap yourself","5","76","4","0","GBP"
"2026-09-09","google_ads","Emergency Dartford","emergency plumber dartford","emergency plumber near me","21","133","7","1","GBP"
"2026-09-09","google_ads","Emergency Dartford","leak detection dartford","water leak repair dartford","6","57","3","0","GBP"
"2026-09-09","microsoft_ads","Drainage Kent","blocked drains kent","blocked drains maidstone","9","76","4","0","GBP"
"2026-09-09","google_ads","General plumbing broad","plumbing advice","how to fix a tap yourself","5","76","4","0","GBP"
"2026-09-08","google_ads","Emergency Dartford","emergency plumber dartford","emergency plumber near me","21","133","7","1","GBP"
"2026-09-08","google_ads","Emergency Dartford","leak detection dartford","water leak repair dartford","6","57","3","0","GBP"
"2026-09-08","microsoft_ads","Drainage Kent","blocked drains kent","blocked drains maidstone","9","76","4","1","GBP"
"2026-09-08","google_ads","General plumbing broad","plumbing advice","how to fix a tap yourself","5","76","4","0","GBP"
"2026-09-07","google_ads","Emergency Dartford","emergency plumber dartford","emergency plumber near me","21","133","7","1","GBP"
"2026-09-07","google_ads","Emergency Dartford","leak detection dartford","water leak repair dartford","6","57","3","0","GBP"
"2026-09-07","microsoft_ads","Drainage Kent","blocked drains kent","blocked drains maidstone","9","76","4","0","GBP"
"2026-09-07","google_ads","General plumbing broad","plumbing advice","how to fix a tap yourself","5","76","4","0","GBP"
