id,timestamp,phone,name,called_number,outcome,duration,source,campaign,landing_page,keyword,postcode,service,problem
"DEMO-FILE-CALL-1","2026-10-06T09:02:00Z","07700 900001","Demo Customer 01","07392 234913","missed","0","google_ads","Emergency Dartford","https://local-plumbing-services.co.uk/dartford-kent/","emergency plumber dartford","DA1 2JH","Emergency plumbing","Synthetic emergency plumbing enquiry for demonstration only."
"DEMO-FILE-CALL-2","2026-10-06T09:02:00Z","07700 900004","Demo Customer 04","07392 234913","answered","213","google_ads","Emergency Dartford","https://local-plumbing-services.co.uk/dartford-kent/","emergency plumber dartford","DA1 1AA","Emergency plumbing","Synthetic emergency plumbing enquiry for demonstration only."
"DEMO-FILE-CALL-3","2026-10-06T09:02:00Z","07700 900006","Demo Customer 06","07392 234913","missed","0","gbp","Google Business Profile","https://local-plumbing-services.co.uk/dartford-kent/","plumber dartford","DA6 7AA","Taps & sinks","Synthetic taps & sinks enquiry for demonstration only."
"DEMO-FILE-CALL-4","2026-10-05T09:02:00Z","07700 900008","Demo Customer 08","07392 234913","answered","257","google_ads","Emergency Dartford","https://local-plumbing-services.co.uk/dartford-kent/","emergency plumber dartford","DA2 7AA","General plumbing","Synthetic general plumbing enquiry for demonstration only."
"DEMO-FILE-CALL-5","2026-10-03T09:02:00Z","07700 900010","Demo Customer 10","07392 234913","answered","279","google_ads","Emergency Dartford","https://local-plumbing-services.co.uk/dartford-kent/","emergency plumber dartford","DA1 3AA","Emergency plumbing","Synthetic emergency plumbing enquiry for demonstration only."
"DEMO-FILE-CALL-6","2026-09-30T09:02:00Z","07700 900013","Demo Customer 13","07392 234913","answered","312","google_ads","Emergency Dartford","https://local-plumbing-services.co.uk/dartford-kent/","emergency plumber dartford","DA11 9AA","Emergency plumbing","Synthetic emergency plumbing enquiry for demonstration only."
"DEMO-FILE-CALL-7","2026-09-26T09:02:00Z","07700 900015","Demo Customer 15","07900 049749","answered","334","microsoft_ads","Drainage Kent","https://local-plumbing-services.co.uk/24h-maidstone-kent/","blocked drains kent","ME14 1AA","Blocked drains","Synthetic blocked drains enquiry for demonstration only."
"DEMO-FILE-CALL-8","2026-09-20T09:02:00Z","07700 900018","Demo Customer 18","07392 234913","answered","367","google_ads","Emergency Dartford","https://local-plumbing-services.co.uk/dartford-kent/","emergency plumber dartford","DA8 2AA","Emergency plumbing","Synthetic emergency plumbing enquiry for demonstration only."
"DEMO-FILE-CALL-9","2026-09-12T09:02:00Z","07700 900020","Demo Customer 20","07392 234913","answered","389","google_ads","Emergency Dartford","https://local-plumbing-services.co.uk/dartford-kent/","emergency plumber dartford","TN13 1AA","Emergency plumbing","Synthetic emergency plumbing enquiry for demonstration only."
