date,source,channel,system,conversions,definition,timezone,currency
"2026-10-06","google_ads","call","ga4","1","unique_leads","Europe/London","GBP"
"2026-10-06","google_ads","call","gtm","1","unique_leads","Europe/London","GBP"
"2026-10-06","google_ads","call","google_ads","1","unique_leads","Europe/London","GBP"
"2026-10-06","google_ads","form","ga4","1","unique_leads","Europe/London","GBP"
"2026-10-06","google_ads","form","gtm","4","unique_leads","Europe/London","GBP"
"2026-10-06","google_ads","form","google_ads","1","unique_leads","Europe/London","GBP"
"2026-10-06","google_ads","whatsapp","ga4","0","unique_leads","Europe/London","GBP"
"2026-10-06","google_ads","whatsapp","gtm","0","unique_leads","Europe/London","GBP"
"2026-10-06","google_ads","whatsapp","google_ads","0","unique_leads","Europe/London","GBP"
"2026-10-06","microsoft_ads","call","ga4","0","unique_leads","Europe/London","GBP"
"2026-10-06","microsoft_ads","call","gtm","0","unique_leads","Europe/London","GBP"
"2026-10-06","microsoft_ads","call","microsoft_ads","0","unique_leads","Europe/London","GBP"
"2026-10-06","microsoft_ads","form","ga4","0","unique_leads","Europe/London","GBP"
"2026-10-06","microsoft_ads","form","gtm","0","unique_leads","Europe/London","GBP"
"2026-10-06","microsoft_ads","form","microsoft_ads","0","unique_leads","Europe/London","GBP"
"2026-10-06","microsoft_ads","whatsapp","ga4","1","unique_leads","Europe/London","GBP"
"2026-10-06","microsoft_ads","whatsapp","gtm","1","unique_leads","Europe/London","GBP"
"2026-10-06","microsoft_ads","whatsapp","microsoft_ads","2","unique_leads","Europe/London","GBP"
"2026-10-06","organic","call","ga4","0","unique_leads","Europe/London","GBP"
"2026-10-06","organic","call","gtm","0","unique_leads","Europe/London","GBP"
"2026-10-06","organic","form","ga4","1","unique_leads","Europe/London","GBP"
"2026-10-06","organic","form","gtm","1","unique_leads","Europe/London","GBP"
"2026-10-06","organic","whatsapp","ga4","0","unique_leads","Europe/London","GBP"
"2026-10-06","organic","whatsapp","gtm","0","unique_leads","Europe/London","GBP"
"2026-10-06","gbp","call","ga4","0","unique_leads","Europe/London","GBP"
"2026-10-06","gbp","call","gtm","0","unique_leads","Europe/London","GBP"
"2026-10-06","gbp","form","ga4","0","unique_leads","Europe/London","GBP"
"2026-10-06","gbp","form","gtm","0","unique_leads","Europe/London","GBP"
"2026-10-06","gbp","whatsapp","ga4","0","unique_leads","Europe/London","GBP"
"2026-10-06","gbp","whatsapp","gtm","0","unique_leads","Europe/London","GBP"
"2026-10-05","google_ads","call","ga4","1","unique_leads","Europe/London","GBP"
"2026-10-05","google_ads","call","gtm","1","unique_leads","Europe/London","GBP"
"2026-10-05","google_ads","call","google_ads","1","unique_leads","Europe/London","GBP"
"2026-10-05","google_ads","form","ga4","1","unique_leads","Europe/London","GBP"
"2026-10-05","google_ads","form","gtm","1","unique_leads","Europe/London","GBP"
"2026-10-05","google_ads","form","google_ads","1","unique_leads","Europe/London","GBP"
"2026-10-05","google_ads","whatsapp","ga4","0","unique_leads","Europe/London","GBP"
"2026-10-05","google_ads","whatsapp","gtm","0","unique_leads","Europe/London","GBP"
"2026-10-05","google_ads","whatsapp","google_ads","0","unique_leads","Europe/London","GBP"
"2026-10-05","microsoft_ads","call","ga4","0","unique_leads","Europe/London","GBP"
"2026-10-05","microsoft_ads","call","gtm","0","unique_leads","Europe/London","GBP"
"2026-10-05","microsoft_ads","call","microsoft_ads","0","unique_leads","Europe/London","GBP"
"2026-10-05","microsoft_ads","form","ga4","0","unique_leads","Europe/London","GBP"
"2026-10-05","microsoft_ads","form","gtm","0","unique_leads","Europe/London","GBP"
"2026-10-05","microsoft_ads","form","microsoft_ads","0","unique_leads","Europe/London","GBP"
"2026-10-05","microsoft_ads","whatsapp","ga4","0","unique_leads","Europe/London","GBP"
"2026-10-05","microsoft_ads","whatsapp","gtm","0","unique_leads","Europe/London","GBP"
"2026-10-05","microsoft_ads","whatsapp","microsoft_ads","0","unique_leads","Europe/London","GBP"
"2026-10-05","organic","call","ga4","0","unique_leads","Europe/London","GBP"
"2026-10-05","organic","call","gtm","0","unique_leads","Europe/London","GBP"
"2026-10-05","organic","form","ga4","0","unique_leads","Europe/London","GBP"
"2026-10-05","organic","form","gtm","0","unique_leads","Europe/London","GBP"
"2026-10-05","organic","whatsapp","ga4","0","unique_leads","Europe/London","GBP"
"2026-10-05","organic","whatsapp","gtm","0","unique_leads","Europe/London","GBP"
"2026-10-05","gbp","call","ga4","0","unique_leads","Europe/London","GBP"
"2026-10-05","gbp","call","gtm","0","unique_leads","Europe/London","GBP"
"2026-10-05","gbp","form","ga4","0","unique_leads","Europe/London","GBP"
"2026-10-05","gbp","form","gtm","0","unique_leads","Europe/London","GBP"
"2026-10-05","gbp","whatsapp","ga4","0","unique_leads","Europe/London","GBP"
"2026-10-05","gbp","whatsapp","gtm","0","unique_leads","Europe/London","GBP"
"2026-10-04","google_ads","call","ga4","0","unique_leads","Europe/London","GBP"
"2026-10-04","google_ads","call","gtm","0","unique_leads","Europe/London","GBP"
"2026-10-04","google_ads","call","google_ads","0","unique_leads","Europe/London","GBP"
"2026-10-04","google_ads","form","ga4","0","unique_leads","Europe/London","GBP"
"2026-10-04","google_ads","form","gtm","0","unique_leads","Europe/London","GBP"
"2026-10-04","google_ads","form","google_ads","0","unique_leads","Europe/London","GBP"
"2026-10-04","google_ads","whatsapp","ga4","0","unique_leads","Europe/London","GBP"
"2026-10-04","google_ads","whatsapp","gtm","0","unique_leads","Europe/London","GBP"
"2026-10-04","google_ads","whatsapp","google_ads","0","unique_leads","Europe/London","GBP"
"2026-10-04","microsoft_ads","call","ga4","0","unique_leads","Europe/London","GBP"
"2026-10-04","microsoft_ads","call","gtm","0","unique_leads","Europe/London","GBP"
"2026-10-04","microsoft_ads","call","microsoft_ads","0","unique_leads","Europe/London","GBP"
"2026-10-04","microsoft_ads","form","ga4","0","unique_leads","Europe/London","GBP"
"2026-10-04","microsoft_ads","form","gtm","0","unique_leads","Europe/London","GBP"
"2026-10-04","microsoft_ads","form","microsoft_ads","0","unique_leads","Europe/London","GBP"
"2026-10-04","microsoft_ads","whatsapp","ga4","1","unique_leads","Europe/London","GBP"
"2026-10-04","microsoft_ads","whatsapp","gtm","1","unique_leads","Europe/London","GBP"
"2026-10-04","microsoft_ads","whatsapp","microsoft_ads","1","unique_leads","Europe/London","GBP"
"2026-10-04","organic","call","ga4","0","unique_leads","Europe/London","GBP"
"2026-10-04","organic","call","gtm","0","unique_leads","Europe/London","GBP"
"2026-10-04","organic","form","ga4","0","unique_leads","Europe/London","GBP"
"2026-10-04","organic","form","gtm","0","unique_leads","Europe/London","GBP"
"2026-10-04","organic","whatsapp","ga4","0","unique_leads","Europe/London","GBP"
"2026-10-04","organic","whatsapp","gtm","0","unique_leads","Europe/London","GBP"
"2026-10-04","gbp","call","ga4","0","unique_leads","Europe/London","GBP"
"2026-10-04","gbp","call","gtm","0","unique_leads","Europe/London","GBP"
"2026-10-04","gbp","form","ga4","0","unique_leads","Europe/London","GBP"
"2026-10-04","gbp","form","gtm","0","unique_leads","Europe/London","GBP"
"2026-10-04","gbp","whatsapp","ga4","0","unique_leads","Europe/London","GBP"
"2026-10-04","gbp","whatsapp","gtm","0","unique_leads","Europe/London","GBP"
"2026-10-03","google_ads","call","ga4","1","unique_leads","Europe/London","GBP"
"2026-10-03","google_ads","call","gtm","1","unique_leads","Europe/London","GBP"
"2026-10-03","google_ads","call","google_ads","1","unique_leads","Europe/London","GBP"
"2026-10-03","google_ads","form","ga4","0","unique_leads","Europe/London","GBP"
"2026-10-03","google_ads","form","gtm","0","unique_leads","Europe/London","GBP"
"2026-10-03","google_ads","form","google_ads","0","unique_leads","Europe/London","GBP"
"2026-10-03","google_ads","whatsapp","ga4","0","unique_leads","Europe/London","GBP"
"2026-10-03","google_ads","whatsapp","gtm","0","unique_leads","Europe/London","GBP"
"2026-10-03","google_ads","whatsapp","google_ads","0","unique_leads","Europe/London","GBP"
"2026-10-03","microsoft_ads","call","ga4","0","unique_leads","Europe/London","GBP"
"2026-10-03","microsoft_ads","call","gtm","0","unique_leads","Europe/London","GBP"
"2026-10-03","microsoft_ads","call","microsoft_ads","0","unique_leads","Europe/London","GBP"
"2026-10-03","microsoft_ads","form","ga4","0","unique_leads","Europe/London","GBP"
"2026-10-03","microsoft_ads","form","gtm","0","unique_leads","Europe/London","GBP"
"2026-10-03","microsoft_ads","form","microsoft_ads","0","unique_leads","Europe/London","GBP"
"2026-10-03","microsoft_ads","whatsapp","ga4","0","unique_leads","Europe/London","GBP"
"2026-10-03","microsoft_ads","whatsapp","gtm","0","unique_leads","Europe/London","GBP"
"2026-10-03","microsoft_ads","whatsapp","microsoft_ads","0","unique_leads","Europe/London","GBP"
"2026-10-03","organic","call","ga4","0","unique_leads","Europe/London","GBP"
"2026-10-03","organic","call","gtm","0","unique_leads","Europe/London","GBP"
"2026-10-03","organic","form","ga4","0","unique_leads","Europe/London","GBP"
"2026-10-03","organic","form","gtm","0","unique_leads","Europe/London","GBP"
"2026-10-03","organic","whatsapp","ga4","0","unique_leads","Europe/London","GBP"
"2026-10-03","organic","whatsapp","gtm","0","unique_leads","Europe/London","GBP"
"2026-10-03","gbp","call","ga4","0","unique_leads","Europe/London","GBP"
"2026-10-03","gbp","call","gtm","0","unique_leads","Europe/London","GBP"
"2026-10-03","gbp","form","ga4","0","unique_leads","Europe/London","GBP"
"2026-10-03","gbp","form","gtm","0","unique_leads","Europe/London","GBP"
"2026-10-03","gbp","whatsapp","ga4","0","unique_leads","Europe/London","GBP"
"2026-10-03","gbp","whatsapp","gtm","0","unique_leads","Europe/London","GBP"
"2026-10-02","google_ads","call","ga4","0","unique_leads","Europe/London","GBP"
"2026-10-02","google_ads","call","gtm","0","unique_leads","Europe/London","GBP"
"2026-10-02","google_ads","call","google_ads","0","unique_leads","Europe/London","GBP"
"2026-10-02","google_ads","form","ga4","0","unique_leads","Europe/London","GBP"
"2026-10-02","google_ads","form","gtm","0","unique_leads","Europe/London","GBP"
"2026-10-02","google_ads","form","google_ads","0","unique_leads","Europe/London","GBP"
"2026-10-02","google_ads","whatsapp","ga4","0","unique_leads","Europe/London","GBP"
"2026-10-02","google_ads","whatsapp","gtm","0","unique_leads","Europe/London","GBP"
"2026-10-02","google_ads","whatsapp","google_ads","0","unique_leads","Europe/London","GBP"
"2026-10-02","microsoft_ads","call","ga4","0","unique_leads","Europe/London","GBP"
"2026-10-02","microsoft_ads","call","gtm","0","unique_leads","Europe/London","GBP"
"2026-10-02","microsoft_ads","call","microsoft_ads","0","unique_leads","Europe/London","GBP"
"2026-10-02","microsoft_ads","form","ga4","1","unique_leads","Europe/London","GBP"
"2026-10-02","microsoft_ads","form","gtm","1","unique_leads","Europe/London","GBP"
"2026-10-02","microsoft_ads","form","microsoft_ads","1","unique_leads","Europe/London","GBP"
"2026-10-02","microsoft_ads","whatsapp","ga4","0","unique_leads","Europe/London","GBP"
"2026-10-02","microsoft_ads","whatsapp","gtm","0","unique_leads","Europe/London","GBP"
"2026-10-02","microsoft_ads","whatsapp","microsoft_ads","0","unique_leads","Europe/London","GBP"
"2026-10-02","organic","call","ga4","0","unique_leads","Europe/London","GBP"
"2026-10-02","organic","call","gtm","0","unique_leads","Europe/London","GBP"
"2026-10-02","organic","form","ga4","0","unique_leads","Europe/London","GBP"
"2026-10-02","organic","form","gtm","0","unique_leads","Europe/London","GBP"
"2026-10-02","organic","whatsapp","ga4","0","unique_leads","Europe/London","GBP"
"2026-10-02","organic","whatsapp","gtm","0","unique_leads","Europe/London","GBP"
"2026-10-02","gbp","call","ga4","0","unique_leads","Europe/London","GBP"
"2026-10-02","gbp","call","gtm","0","unique_leads","Europe/London","GBP"
"2026-10-02","gbp","form","ga4","0","unique_leads","Europe/London","GBP"
"2026-10-02","gbp","form","gtm","0","unique_leads","Europe/London","GBP"
"2026-10-02","gbp","whatsapp","ga4","0","unique_leads","Europe/London","GBP"
"2026-10-02","gbp","whatsapp","gtm","0","unique_leads","Europe/London","GBP"
"2026-10-01","google_ads","call","ga4","0","unique_leads","Europe/London","GBP"
"2026-10-01","google_ads","call","gtm","0","unique_leads","Europe/London","GBP"
"2026-10-01","google_ads","call","google_ads","0","unique_leads","Europe/London","GBP"
"2026-10-01","google_ads","form","ga4","1","unique_leads","Europe/London","GBP"
"2026-10-01","google_ads","form","gtm","1","unique_leads","Europe/London","GBP"
"2026-10-01","google_ads","form","google_ads","1","unique_leads","Europe/London","GBP"
"2026-10-01","google_ads","whatsapp","ga4","0","unique_leads","Europe/London","GBP"
"2026-10-01","google_ads","whatsapp","gtm","0","unique_leads","Europe/London","GBP"
"2026-10-01","google_ads","whatsapp","google_ads","0","unique_leads","Europe/London","GBP"
"2026-10-01","microsoft_ads","call","ga4","0","unique_leads","Europe/London","GBP"
"2026-10-01","microsoft_ads","call","gtm","0","unique_leads","Europe/London","GBP"
"2026-10-01","microsoft_ads","call","microsoft_ads","0","unique_leads","Europe/London","GBP"
"2026-10-01","microsoft_ads","form","ga4","0","unique_leads","Europe/London","GBP"
"2026-10-01","microsoft_ads","form","gtm","0","unique_leads","Europe/London","GBP"
"2026-10-01","microsoft_ads","form","microsoft_ads","0","unique_leads","Europe/London","GBP"
"2026-10-01","microsoft_ads","whatsapp","ga4","0","unique_leads","Europe/London","GBP"
"2026-10-01","microsoft_ads","whatsapp","gtm","0","unique_leads","Europe/London","GBP"
"2026-10-01","microsoft_ads","whatsapp","microsoft_ads","0","unique_leads","Europe/London","GBP"
"2026-10-01","organic","call","ga4","0","unique_leads","Europe/London","GBP"
"2026-10-01","organic","call","gtm","0","unique_leads","Europe/London","GBP"
"2026-10-01","organic","form","ga4","0","unique_leads","Europe/London","GBP"
"2026-10-01","organic","form","gtm","0","unique_leads","Europe/London","GBP"
"2026-10-01","organic","whatsapp","ga4","0","unique_leads","Europe/London","GBP"
"2026-10-01","organic","whatsapp","gtm","0","unique_leads","Europe/London","GBP"
"2026-10-01","gbp","call","ga4","0","unique_leads","Europe/London","GBP"
"2026-10-01","gbp","call","gtm","0","unique_leads","Europe/London","GBP"
"2026-10-01","gbp","form","ga4","0","unique_leads","Europe/London","GBP"
"2026-10-01","gbp","form","gtm","0","unique_leads","Europe/London","GBP"
"2026-10-01","gbp","whatsapp","ga4","0","unique_leads","Europe/London","GBP"
"2026-10-01","gbp","whatsapp","gtm","0","unique_leads","Europe/London","GBP"
"2026-09-30","google_ads","call","ga4","1","unique_leads","Europe/London","GBP"
"2026-09-30","google_ads","call","gtm","1","unique_leads","Europe/London","GBP"
"2026-09-30","google_ads","call","google_ads","1","unique_leads","Europe/London","GBP"
"2026-09-30","google_ads","form","ga4","0","unique_leads","Europe/London","GBP"
"2026-09-30","google_ads","form","gtm","0","unique_leads","Europe/London","GBP"
"2026-09-30","google_ads","form","google_ads","0","unique_leads","Europe/London","GBP"
"2026-09-30","google_ads","whatsapp","ga4","0","unique_leads","Europe/London","GBP"
"2026-09-30","google_ads","whatsapp","gtm","0","unique_leads","Europe/London","GBP"
"2026-09-30","google_ads","whatsapp","google_ads","0","unique_leads","Europe/London","GBP"
"2026-09-30","microsoft_ads","call","ga4","0","unique_leads","Europe/London","GBP"
"2026-09-30","microsoft_ads","call","gtm","0","unique_leads","Europe/London","GBP"
"2026-09-30","microsoft_ads","call","microsoft_ads","0","unique_leads","Europe/London","GBP"
"2026-09-30","microsoft_ads","form","ga4","0","unique_leads","Europe/London","GBP"
"2026-09-30","microsoft_ads","form","gtm","0","unique_leads","Europe/London","GBP"
"2026-09-30","microsoft_ads","form","microsoft_ads","0","unique_leads","Europe/London","GBP"
"2026-09-30","microsoft_ads","whatsapp","ga4","0","unique_leads","Europe/London","GBP"
"2026-09-30","microsoft_ads","whatsapp","gtm","0","unique_leads","Europe/London","GBP"
"2026-09-30","microsoft_ads","whatsapp","microsoft_ads","0","unique_leads","Europe/London","GBP"
"2026-09-30","organic","call","ga4","0","unique_leads","Europe/London","GBP"
"2026-09-30","organic","call","gtm","0","unique_leads","Europe/London","GBP"
"2026-09-30","organic","form","ga4","0","unique_leads","Europe/London","GBP"
"2026-09-30","organic","form","gtm","0","unique_leads","Europe/London","GBP"
"2026-09-30","organic","whatsapp","ga4","0","unique_leads","Europe/London","GBP"
"2026-09-30","organic","whatsapp","gtm","0","unique_leads","Europe/London","GBP"
"2026-09-30","gbp","call","ga4","0","unique_leads","Europe/London","GBP"
"2026-09-30","gbp","call","gtm","0","unique_leads","Europe/London","GBP"
"2026-09-30","gbp","form","ga4","0","unique_leads","Europe/London","GBP"
"2026-09-30","gbp","form","gtm","0","unique_leads","Europe/London","GBP"
"2026-09-30","gbp","whatsapp","ga4","0","unique_leads","Europe/London","GBP"
"2026-09-30","gbp","whatsapp","gtm","0","unique_leads","Europe/London","GBP"
